_cjobs,cf2f41b2-32f2-392f-bb91-fdb7a3d3801a
c4ddddss,4551d9d5-a713-3fd2-82e5-9e267db741ed
hinatayt,ed09f74a-4743-3595-8285-2a165ea93335
kont3x,fc127899-2d0e-376d-b2b4-9fa7533ff37b
kuramav2,3e1c227d-a13b-3750-820d-b16023c88efa
luca2000007,15947ab2-4e6c-3200-a6f3-c61de3c496d8
mcdo,81391b74-1fc2-3282-974a-356d7ceee943
saaaaaa,40ceb7ba-e348-38c8-93ab-ef0dbdb600b6
sassuke,44df8426-22c3-35a0-89ea-e8a950b63f31
tester,dd823a0c-b94a-369f-acd6-ddd287e3180e
uzumakiyt,37a9b123-c587-3180-9614-aa425f00c61e
xseby1722,2d25fa84-5748-3aae-bfae-4fcb6f045cc1
